 <preferences>
   
   <port CORE="8383"/>
   
   <background theme="DARK"/>
   
   <groups>
     <g id="0" r="255" g="0" b="0"/>
     <g id="1" r="0" g="255" b="0"/>
     <g id="3" r="255" g="0" b="255"/>
     <g id="4" r="200" g="200" b="200"/>
     
     <g id="10" r="0" g="255" b="255"/>
     <g id="11" r="255" g="255" b="0"/>
     <g id="12" r="0" g="0" b="255"/>
     <g id="13" r="200" g="0" b="110"/>
     <g id="14" r="100" g="150" b="14"/>
   </groups>
   
   <qualityColors>

     <color q="0.0" r="0" g="0" b="255"/>
     <color q="0.5" r="255" g="255" b="0"/>
     <color q="1.0" r="255" g="0" b="0"/>
   </qualityColors>
   
   <axes>
     <x r="255" g="0" b="0"/>
     <y r="0" g="255" b="0"/>
     <z r="0" g="0" b="255"/>
   </axes>
   
   <cuttingPlane r="255" g="255" b="255" a="20"/>
   
 </preferences>